"","category","subcategory","ID","Description","GeneRatio","BgRatio","pvalue","p.adjust","qvalue","geneID","Count"
"mmu04517",NA,NA,"mmu04517","IgSF CAM signaling - Mus musculus (house mouse)","25/138","300/10649",7.43552213662296e-14,1.44992681664148e-11,1.09576115697602e-11,"Nlgn1/Cntnap2/Cdh2/Slit3/Dcc/Nrp1/Lrrtm4/Tubb2b/Unc5c/Kirrel3/Il1rapl2/Lrrc4c/Ncam2/Plxna4/Robo2/Cadm2/Kcnq3/Cadm4/Ptprd/Plxna2/Tuba1a/Unc5d/Ptprz1/Lrfn5/Cntn2",25
"mmu04360","Organismal Systems","Development and regeneration","mmu04360","Axon guidance - Mus musculus (house mouse)","16/138","181/10649",1.37395811323013e-09,1.33960916039937e-07,1.01239018869588e-07,"Slit3/Dcc/Epha3/Nrp1/Unc5c/Lrrc4c/Rac3/Plxna4/Robo2/Epha5/Ephb1/Plxna2/Sema3c/Unc5d/Ntng1/Ablim1",16
"mmu04724","Organismal Systems","Nervous system","mmu04724","Glutamatergic synapse - Mus musculus (house mouse)","13/138","117/10649",3.22649146484586e-09,2.09721945214981e-07,1.58494317571376e-07,"Grm5/Gria1/Grik2/Itpr1/Grm7/Plcb1/Dlgap1/Gng7/Gria2/Grin2b/Gnb2/Slc1a3/Gria3",13
"mmu04082",NA,NA,"mmu04082","Neuroactive ligand signaling - Mus musculus (house mouse)","14/138","196/10649",2.29432496309443e-07,1.03634029472471e-05,7.83199143111795e-06,"Grm5/Gria1/Grik2/Gabrg3/Grm7/Plcb1/Gng7/Gnal/Drd2/Gria2/Grin2b/Gnb2/Slc1a3/Gria3",14
"mmu05017","Human Diseases","Neurodegenerative disease","mmu05017","Spinocerebellar ataxia - Mus musculus (house mouse)","12/138","141/10649",2.65728280698645e-07,1.03634029472471e-05,7.83199143111795e-06,"Atxn1/Gria1/Rbpj/Itpr1/Reln/Plcb1/Gria2/Grin2b/Fgf14/Dab1/Rora/Gria3",12
"mmu04728","Organismal Systems","Nervous system","mmu04728","Dopaminergic synapse - Mus musculus (house mouse)","11/138","137/10649",1.52891071906304e-06,4.96895983695488e-05,3.7552193099794e-05,"Gria1/Itpr1/Plcb1/Gng7/Gnal/Drd2/Gria2/Grin2b/Gnb2/Creb5/Gria3",11
"mmu04713","Organismal Systems","Environmental adaptation","mmu04713","Circadian entrainment - Mus musculus (house mouse)","9/138","100/10649",5.56172471656874e-06,0.000154933759961558,0.000117088941401447,"Gria1/Itpr1/Plcb1/Gng7/Gucy1b1/Gria2/Grin2b/Gnb2/Gria3",9
"mmu04514","Environmental Information Processing","Signaling molecules and interaction","mmu04514","Cell adhesion molecule (CAM) interaction - Mus musculus (house mouse)","11/138","181/10649",2.23404900301836e-05,0.000544549444485724,0.000411535342661276,"Nlgn1/Cntnap2/Cdh2/Nrxn3/Negr1/Nrxn1/Lrrc4c/Ncam2/Ptprd/Ntng1/Cntn2",11
"mmu04730","Organismal Systems","Nervous system","mmu04730","Long-term depression - Mus musculus (house mouse)","6/138","60/10649",0.000119695103846699,0.00235434202158622,0.0017792598273796,"Gria1/Itpr1/Plcb1/Gucy1b1/Gria2/Gria3",6
"mmu04540","Cellular Processes","Cellular community - eukaryotes","mmu04540","Gap junction - Mus musculus (house mouse)","7/138","86/10649",0.000120735488286473,0.00235434202158622,0.0017792598273796,"Grm5/Tubb2b/Itpr1/Plcb1/Drd2/Gucy1b1/Tuba1a",7
"mmu05033","Human Diseases","Substance dependence","mmu05033","Nicotine addiction - Mus musculus (house mouse)","5/138","40/10649",0.000155305487848954,0.00275314273914055,0.00208064768410082,"Gria1/Gabrg3/Gria2/Grin2b/Gria3",5
"mmu04723","Organismal Systems","Nervous system","mmu04723","Retrograde endocannabinoid signaling - Mus musculus (house mouse)","9/138","154/10649",0.000171533692095252,0.00278742249654785,0.00210655411345047,"Grm5/Gria1/Itpr1/Gabrg3/Plcb1/Gng7/Gria2/Gnb2/Gria3",9
"mmu04720","Organismal Systems","Nervous system","mmu04720","Long-term potentiation - Mus musculus (house mouse)","6/138","67/10649",0.000221546864168368,0.00332320296252553,0.00251146242781956,"Grm5/Gria1/Itpr1/Plcb1/Gria2/Grin2b",6
"mmu04725","Organismal Systems","Nervous system","mmu04725","Cholinergic synapse - Mus musculus (house mouse)","7/138","114/10649",0.000684825782964015,0.00953864483414164,0.00720869245225279,"Kcnq5/Itpr1/Plcb1/Gng7/Kcnq3/Gnb2/Creb5",7
"mmu05412","Human Diseases","Cardiovascular disease","mmu05412","Arrhythmogenic right ventricular cardiomyopathy - Mus musculus (house mouse)","6/138","86/10649",0.000853896227203793,0.0110604703261599,0.00835878999008039,"Tcf7l2/Cdh2/Sgcz/Slc8a1/Cacnb4/Lmna",6
"mmu04970","Organismal Systems","Digestive system","mmu04970","Salivary secretion - Mus musculus (house mouse)","6/138","87/10649",0.000907525770351585,0.0110604703261599,0.00835878999008039,"Cst3/Kcnma1/Itpr1/Plcb1/Gucy1b1/Atp1a2",6
"mmu04926","Organismal Systems","Endocrine system","mmu04926","Relaxin signaling pathway - Mus musculus (house mouse)","7/138","131/10649",0.00154884446333031,0.0169229321323222,0.0127892604508778,"Col1a1/Plcb1/Gng7/Gnb2/Col1a2/Creb5/Col3a1",7
"mmu05143","Human Diseases","Infectious disease: parasitic","mmu05143","African trypanosomiasis - Mus musculus (house mouse)","4/138","39/10649",0.00156211681221436,0.0169229321323222,0.0127892604508778,"Hba-a2/Hba-a1/Plcb1/Hbb-bs",4
"mmu04022","Environmental Information Processing","Signal transduction","mmu04022","cGMP-PKG signaling pathway - Mus musculus (house mouse)","8/138","172/10649",0.00176065137664992,0.0180698430761439,0.0136560217579495,"Kcnma1/Itpr1/Plcb1/Gucy1b1/Mef2c/Slc8a1/Creb5/Atp1a2",8
"mmu05031","Human Diseases","Substance dependence","mmu05031","Amphetamine addiction - Mus musculus (house mouse)","5/138","69/10649",0.00196511221417267,0.0191598440881835,0.0144797742096933,"Gria1/Gria2/Grin2b/Creb5/Gria3",5
"mmu05016","Human Diseases","Neurodegenerative disease","mmu05016","Huntington disease - Mus musculus (house mouse)","11/138","308/10649",0.0021844267001237,0.0202839622154344,0.0153293101763067,"Grm5/Gria1/Tubb2b/Itpr1/Plcb1/Tuba1a/Gria2/Grin2b/Creb5/Slc1a3/Gria3",11
"mmu03273",NA,NA,"mmu03273","Virion - Lassa virus and SFTS virus - Mus musculus (house mouse)","3/138","21/10649",0.00238698104946564,0.0211573320293545,0.0159893467428321,"Pcdh11x/Pcdh7/Pcdh9",3
"mmu04024","Environmental Information Processing","Signal transduction","mmu04024","cAMP signaling pathway - Mus musculus (house mouse)","9/138","224/10649",0.0025180052341645,0.0213483052461773,0.0161336719809167,"Gria1/Rac3/Pde10a/Drd2/Gria2/Grin2b/Creb5/Atp1a2/Gria3",9
"mmu04918","Organismal Systems","Endocrine system","mmu04918","Thyroid hormone synthesis - Mus musculus (house mouse)","5/138","74/10649",0.00267535598496788,0.0215049673243733,0.0162520670737504,"Ttr/Itpr1/Plcb1/Creb5/Atp1a2",5
"mmu04974","Organismal Systems","Digestive system","mmu04974","Protein digestion and absorption - Mus musculus (house mouse)","6/138","108/10649",0.00275704709286837,0.0215049673243733,0.0162520670737504,"Col1a1/Slc8a1/Col1a2/Col11a1/Atp1a2/Col3a1",6
"mmu05030","Human Diseases","Substance dependence","mmu05030","Cocaine addiction - Mus musculus (house mouse)","4/138","48/10649",0.00337814193614577,0.0253360645210932,0.0191473632008262,"Drd2/Gria2/Grin2b/Creb5",4
"mmu00534","Metabolism","Glycan biosynthesis and metabolism","mmu00534","Glycosaminoglycan biosynthesis - heparan sulfate / heparin - Mus musculus (house mouse)","3/138","24/10649",0.00353097850692165,0.0255015114388786,0.0192723973087341,"Ndst4/Extl3/Hs3st5",3
"mmu04518",NA,NA,"mmu04518","Integrin signaling - Mus musculus (house mouse)","7/138","153/10649",0.00371930516765877,0.025902303846195,0.0195752903560988,"Col1a1/Reln/Rac3/Col1a2/Ccnd2/Tnr/Vtn",7
"mmu04921","Organismal Systems","Endocrine system","mmu04921","Oxytocin signaling pathway - Mus musculus (house mouse)","7/138","154/10649",0.00385518726636005,0.0259228109289728,0.0195907882864032,"Itpr1/Plcb1/Eef2/Gucy1b1/Mef2c/Camk1d/Cacnb4",7
"mmu04611","Organismal Systems","Immune system","mmu04611","Platelet activation - Mus musculus (house mouse)","6/138","126/10649",0.00587603204982877,0.0371734709682854,0.0280933113930362,"Col1a1/Itpr1/Plcb1/Gucy1b1/Col1a2/Col3a1",6
"mmu04512","Environmental Information Processing","Signaling molecules and interaction","mmu04512","ECM-receptor interaction - Mus musculus (house mouse)","5/138","89/10649",0.00590962871803512,0.0371734709682854,0.0280933113930362,"Col1a1/Reln/Col1a2/Tnr/Vtn",5
"mmu05032","Human Diseases","Substance dependence","mmu05032","Morphine addiction - Mus musculus (house mouse)","5/138","93/10649",0.00710245296042285,0.0432805727275768,0.0327086649493158,"Gabrg3/Pde7b/Pde10a/Gng7/Gnb2",5
"mmu05410","Human Diseases","Cardiovascular disease","mmu05410","Hypertrophic cardiomyopathy - Mus musculus (house mouse)","5/138","100/10649",0.00957837158606427,0.0554618634819925,0.0419144987178351,"Sgcz/Ttn/Slc8a1/Cacnb4/Lmna",5
"mmu04371","Environmental Information Processing","Signal transduction","mmu04371","Apelin signaling pathway - Mus musculus (house mouse)","6/138","140/10649",0.00967027363275767,0.0554618634819925,0.0419144987178351,"Itpr1/Plcb1/Gng7/Mef2c/Slc8a1/Gnb2",6
"mmu05414","Human Diseases","Cardiovascular disease","mmu05414","Dilated cardiomyopathy - Mus musculus (house mouse)","5/138","103/10649",0.0108014813433406,0.0586932823091248,0.0443565966168825,"Sgcz/Ttn/Slc8a1/Cacnb4/Lmna",5
"mmu04820",NA,NA,"mmu04820","Cytoskeleton in muscle cells - Mus musculus (house mouse)","8/138","233/10649",0.0108356828878384,0.0586932823091248,0.0443565966168825,"Col1a1/Sgcz/Ttn/Col1a2/Col11a1/Atp1a2/Lmna/Col3a1",8
"mmu04925","Organismal Systems","Endocrine system","mmu04925","Aldosterone synthesis and secretion - Mus musculus (house mouse)","5/138","104/10649",0.0112318554300932,0.0591949137531938,0.0447356973033583,"Itpr1/Plcb1/Camk1d/Creb5/Atp1a2",5
"mmu05146","Human Diseases","Infectious disease: parasitic","mmu05146","Amoebiasis - Mus musculus (house mouse)","5/138","108/10649",0.0130704152389471,0.0670718676735442,0.0506885909543654,"Col1a1/Plcb1/Gnal/Col1a2/Col3a1",5
"mmu04510","Cellular Processes","Cellular community - eukaryotes","mmu04510","Focal adhesion - Mus musculus (house mouse)","7/138","202/10649",0.0160126329819841,0.0787361294269847,0.0595036875561558,"Col1a1/Reln/Rac3/Col1a2/Ccnd2/Tnr/Vtn",7
"mmu04971","Organismal Systems","Digestive system","mmu04971","Gastric acid secretion - Mus musculus (house mouse)","4/138","75/10649",0.0161510009080994,0.0787361294269847,0.0595036875561558,"Kcnk10/Itpr1/Plcb1/Atp1a2",4
"mmu04924","Organismal Systems","Endocrine system","mmu04924","Renin secretion - Mus musculus (house mouse)","4/138","76/10649",0.0168812879001299,0.0802890522079347,0.060677286418952,"Kcnma1/Itpr1/Plcb1/Gucy1b1",4
"mmu04928","Organismal Systems","Endocrine system","mmu04928","Parathyroid hormone synthesis, secretion and action - Mus musculus (house mouse)","5/138","116/10649",0.017336661164432,0.0804916411205772,0.0608303900506387,"Itpr1/Rxrg/Plcb1/Mef2c/Creb5",5
"mmu04020","Environmental Information Processing","Signal transduction","mmu04020","Calcium signaling pathway - Mus musculus (house mouse)","8/138","255/10649",0.0178204647342951,0.0807918391540911,0.0610572603593671,"Ntrk2/Grm5/Itpr1/Plcb1/Gnal/Slc8a1/Grin2b/Camk1d",8
"mmu05165","Human Diseases","Infectious disease: viral","mmu05165","Human papillomavirus infection - Mus musculus (house mouse)","10/138","359/10649",0.0182299534501539,0.0807918391540911,0.0610572603593671,"Col1a1/Tcf7l2/Rbpj/Reln/Dlg2/Col1a2/Creb5/Ccnd2/Tnr/Vtn",10
"mmu04919","Organismal Systems","Endocrine system","mmu04919","Thyroid hormone signaling pathway - Mus musculus (house mouse)","5/138","120/10649",0.0197798924114373,0.0857128671162285,0.0647762558503211,"Ncoa1/Rcan2/Rxrg/Plcb1/Atp1a2",5
"mmu05206","Human Diseases","Cancer: overview","mmu05206","MicroRNAs in cancer - Mus musculus (house mouse)","9/138","314/10649",0.0208786606905695,0.0881714459096985,0.066634291105845,"Zeb2/Hmga2/Zfpm2/Foxp1/Sox4/Stmn1/Igf2bp1/Ccnd2/Tnr",9
"mmu04151","Environmental Information Processing","Signal transduction","mmu04151","PI3K-Akt signaling pathway - Mus musculus (house mouse)","10/138","368/10649",0.0212515792705427,0.0881714459096985,0.066634291105845,"Col1a1/Ntrk2/Reln/Gng7/Gnb2/Col1a2/Creb5/Ccnd2/Tnr/Vtn",10
"mmu04911","Organismal Systems","Endocrine system","mmu04911","Insulin secretion - Mus musculus (house mouse)","4/138","86/10649",0.0253282879164879,0.102896169660732,0.0777622874629016,"Kcnma1/Plcb1/Creb5/Atp1a2",4
"mmu05202","Human Diseases","Cancer: overview","mmu05202","Transcriptional misregulation in cancer - Mus musculus (house mouse)","7/138","226/10649",0.0276040674422302,0.109852921453773,0.0830197517059555,"Bcl11b/Hmga2/Rxrg/Mef2c/Runx1t1/Ccnd2/Gria3",7
"mmu04727","Organismal Systems","Nervous system","mmu04727","GABAergic synapse - Mus musculus (house mouse)","4/138","91/10649",0.0303555056132707,0.118386471891756,0.0894688586496399,"Gad2/Gabrg3/Gng7/Gnb2",4
"mmu04726","Organismal Systems","Nervous system","mmu04726","Serotonergic synapse - Mus musculus (house mouse)","5/138","137/10649",0.0326450029077063,0.124819128764759,0.0943302457601419,"Kcnd2/Itpr1/Plcb1/Gng7/Gnb2",5
"mmu04070","Environmental Information Processing","Signal transduction","mmu04070","Phosphatidylinositol signaling system - Mus musculus (house mouse)","4/138","96/10649",0.0359323366227698,0.134746262335387,0.101832532939024,"Dgki/Itpr1/Plcb1/Inpp4b",4
"mmu04933","Human Diseases","Endocrine and metabolic disease","mmu04933","AGE-RAGE signaling pathway in diabetic complications - Mus musculus (house mouse)","4/138","101/10649",0.0420640591188913,0.154763991097808,0.116960641045577,"Col1a1/Plcb1/Col1a2/Col3a1",4
"mmu04961","Organismal Systems","Excretory system","mmu04961","Endocrine and other factor-regulated calcium reabsorption - Mus musculus (house mouse)","3/138","61/10649",0.044453681269001,0.160527182360281,0.121316089233141,"Plcb1/Slc8a1/Atp1a2",3
"mmu05022","Human Diseases","Neurodegenerative disease","mmu05022","Pathways of neurodegeneration - multiple diseases - Mus musculus (house mouse)","11/138","481/10649",0.0477550471045371,0.169313348825177,0.127956107074358,"Grm5/Atxn1/Gria1/Tubb2b/Itpr1/Plcb1/Tuba1a/Gria2/Grin2b/Nefm/Gria3",11
"mmu04261","Organismal Systems","Circulatory system","mmu04261","Adrenergic signaling in cardiomyocytes - Mus musculus (house mouse)","5/138","156/10649",0.0520962542562888,0.181406599642434,0.137095405937602,"Plcb1/Slc8a1/Creb5/Atp1a2/Cacnb4",5
"mmu05034","Human Diseases","Substance dependence","mmu05034","Alcoholism - Mus musculus (house mouse)","6/138","208/10649",0.0533598777000594,0.182546950026519,0.13795720919683,"Ntrk2/Gng7/Drd2/Grin2b/Gnb2/Creb5",6
"mmu04972","Organismal Systems","Digestive system","mmu04972","Pancreatic secretion - Mus musculus (house mouse)","4/138","115/10649",0.0621834343378833,0.209064994756677,0.15799783679317,"Kcnma1/Itpr1/Plcb1/Atp1a2",4
"mmu00512","Metabolism","Glycan biosynthesis and metabolism","mmu00512","Mucin type O-glycan biosynthesis - Mus musculus (house mouse)","2/138","32/10649",0.0642303312301025,0.212286687963898,0.160432584696063,"Galntl6/Galnt17",2
"mmu04927","Organismal Systems","Endocrine system","mmu04927","Cortisol synthesis and secretion - Mus musculus (house mouse)","3/138","72/10649",0.0665868825757979,0.216407368371343,0.163546729133539,"Itpr1/Plcb1/Creb5",3
"mmu04080","Environmental Information Processing","Signaling molecules and interaction","mmu04080","Neuroactive ligand-receptor interaction - Mus musculus (house mouse)","9/138","392/10649",0.0684086700254763,0.218683453360129,0.165266847343687,"Grm5/Gria1/Grik2/Gabrg3/Grm7/Drd2/Gria2/Grin2b/Gria3",9
"mmu04310","Environmental Information Processing","Signal transduction","mmu04310","Wnt signaling pathway - Mus musculus (house mouse)","5/138","175/10649",0.0771003599539522,0.241506182557417,0.182514793835565,"Tcf7l2/Nlk/Rac3/Plcb1/Ccnd2",5
"mmu05144","Human Diseases","Infectious disease: parasitic","mmu05144","Malaria - Mus musculus (house mouse)","3/138","77/10649",0.078025074364704,0.241506182557417,0.182514793835565,"Hba-a2/Hba-a1/Hbb-bs",3
"mmu05216","Human Diseases","Cancer: specific types","mmu05216","Thyroid cancer - Mus musculus (house mouse)","2/138","37/10649",0.0827523543282421,0.252136079593863,0.190548184308452,"Tcf7l2/Rxrg",2
"mmu04010","Environmental Information Processing","Signal transduction","mmu04010","MAPK signaling pathway - Mus musculus (house mouse)","7/138","299/10649",0.0937135014963527,0.281140504489058,0.212467857643553,"Mecom/Ntrk2/Nlk/Rac3/Mef2c/Stmn1/Cacnb4",7
"mmu04915","Organismal Systems","Endocrine system","mmu04915","Estrogen signaling pathway - Mus musculus (house mouse)","4/138","134/10649",0.0962119485876938,0.284262575372732,0.214827317420688,"Ncoa1/Itpr1/Plcb1/Creb5",4
"mmu05210","Human Diseases","Cancer: specific types","mmu05210","Colorectal cancer - Mus musculus (house mouse)","3/138","88/10649",0.105923387096815,0.306273203890519,0.231461530605521,"Tcf7l2/Dcc/Rac3",3
"mmu00514","Metabolism","Glycan biosynthesis and metabolism","mmu00514","Other types of O-glycan biosynthesis - Mus musculus (house mouse)","2/138","43/10649",0.106802963407976,0.306273203890519,0.231461530605521,"Galntl6/Galnt17",2
"mmu04260","Organismal Systems","Circulatory system","mmu04260","Cardiac muscle contraction - Mus musculus (house mouse)","3/138","89/10649",0.108631908948095,0.307003220940269,0.232013230400203,"Slc8a1/Atp1a2/Cacnb4",3
"mmu04962","Organismal Systems","Excretory system","mmu04962","Vasopressin-regulated water reabsorption - Mus musculus (house mouse)","2/138","44/10649",0.110976848368411,0.308311955341588,0.233002287437637,"Dync1i1/Creb5",2
"mmu05014","Human Diseases","Neurodegenerative disease","mmu05014","Amyotrophic lateral sclerosis - Mus musculus (house mouse)","8/138","376/10649",0.115207772486187,0.308311955341588,0.233002287437637,"Nrg3/Gria1/Tubb2b/Nrg1/Tuba1a/Gria2/Grin2b/Nefm",8
"mmu05163","Human Diseases","Infectious disease: viral","mmu05163","Human cytomegalovirus infection - Mus musculus (house mouse)","6/138","256/10649",0.115390855146158,0.308311955341588,0.233002287437637,"Itpr1/Rac3/Plcb1/Gng7/Gnb2/Creb5",6
"mmu04520","Cellular Processes","Cellular community - eukaryotes","mmu04520","Adherens junction - Mus musculus (house mouse)","3/138","92/10649",0.116916758553022,0.308311955341588,0.233002287437637,"Tcf7l2/Nlk/Rac3",3
"mmu04270","Organismal Systems","Circulatory system","mmu04270","Vascular smooth muscle contraction - Mus musculus (house mouse)","4/138","144/10649",0.117000434334756,0.308311955341588,0.233002287437637,"Kcnma1/Itpr1/Plcb1/Gucy1b1",4
"mmu05205","Human Diseases","Cancer: overview","mmu05205","Proteoglycans in cancer - Mus musculus (house mouse)","5/138","204/10649",0.125609017884631,0.32658344650004,0.246810701808397,"Col1a1/Itpr1/Gpc3/Col1a2/Vtn",5
"mmu04072","Environmental Information Processing","Signal transduction","mmu04072","Phospholipase D signaling pathway - Mus musculus (house mouse)","4/138","149/10649",0.128073972730411,0.328610851084607,0.248342883410769,"Grm5/Dgki/Grm7/Plcb1",4
"mmu04973","Organismal Systems","Digestive system","mmu04973","Carbohydrate digestion and absorption - Mus musculus (house mouse)","2/138","50/10649",0.136847521239158,0.346561904436828,0.261909131558197,"Plcb1/Atp1a2",2
"mmu05020","Human Diseases","Neurodegenerative disease","mmu05020","Prion disease - Mus musculus (house mouse)","6/138","273/10649",0.143546022710953,0.358865056777382,0.271207060452542,"Tubb2b/Itpr1/Ncam2/Tuba1a/Grin2b/Creb5",6
"mmu04015","Environmental Information Processing","Signal transduction","mmu04015","Rap1 signaling pathway - Mus musculus (house mouse)","5/138","215/10649",0.146995967304451,0.362838147143897,0.274209665857736,"Rac3/Plcb1/Drd2/Sipa1l2/Grin2b",5
"mmu04922","Organismal Systems","Endocrine system","mmu04922","Glucagon signaling pathway - Mus musculus (house mouse)","3/138","104/10649",0.152230146930108,0.371060983142139,0.280423954871252,"Itpr1/Plcb1/Creb5",3
"mmu04934","Human Diseases","Endocrine and metabolic disease","mmu04934","Cushing syndrome - Mus musculus (house mouse)","4/138","162/10649",0.158784614564728,0.378843924715921,0.286305800055217,"Tcf7l2/Itpr1/Plcb1/Creb5",4
"mmu04978","Organismal Systems","Digestive system","mmu04978","Mineral absorption - Mus musculus (house mouse)","2/138","55/10649",0.159308727316438,0.378843924715921,0.286305800055217,"Slc8a1/Atp1a2",2
"mmu05215","Human Diseases","Cancer: specific types","mmu05215","Prostate cancer - Mus musculus (house mouse)","3/138","107/10649",0.161540952229915,0.379523923913655,0.286819699583869,"Tcf7l2/Grm5/Creb5",3
"mmu04340","Environmental Information Processing","Signal transduction","mmu04340","Hedgehog signaling pathway - Mus musculus (house mouse)","2/138","58/10649",0.173094331498786,0.40182612669361,0.303674265787344,"Cdon/Ccnd2",2
"mmu04935","Organismal Systems","Endocrine system","mmu04935","Growth hormone synthesis, secretion and action - Mus musculus (house mouse)","3/138","117/10649",0.193726877039049,0.435353533492774,0.329012117079559,"Itpr1/Plcb1/Creb5",3
"mmu04014","Environmental Information Processing","Signal transduction","mmu04014","Ras signaling pathway - Mus musculus (house mouse)","5/138","237/10649",0.193961074502473,0.435353533492774,0.329012117079559,"Ntrk2/Rac3/Gng7/Grin2b/Gnb2",5
"mmu04330","Environmental Information Processing","Signal transduction","mmu04330","Notch signaling pathway - Mus musculus (house mouse)","2/138","63/10649",0.196467235627508,0.435353533492774,0.329012117079559,"Atxn1/Rbpj",2
"mmu04929","Organismal Systems","Endocrine system","mmu04929","GnRH secretion - Mus musculus (house mouse)","2/138","63/10649",0.196467235627508,0.435353533492774,0.329012117079559,"Itpr1/Plcb1",2
"mmu03265","Genetic Information Processing","Information processing in viruses","mmu03265","Virion - Ebolavirus, Lyssavirus and Morbillivirus - Mus musculus (house mouse)","1/138","17/10649",0.199012648221273,0.435911799216626,0.329434018301364,"Ncam2",1
"mmu00310","Metabolism","Amino acid metabolism","mmu00310","Lysine degradation - Mus musculus (house mouse)","2/138","64/10649",0.201190061176904,0.435911799216626,0.329434018301364,"Mecom/Prdm16",2
"mmu05221","Human Diseases","Cancer: specific types","mmu05221","Acute myeloid leukemia - Mus musculus (house mouse)","2/138","70/10649",0.229768216966575,0.48969409090331,0.370079205001152,"Tcf7l2/Runx1t1",2
"mmu05132","Human Diseases","Infectious disease: bacterial","mmu05132","Salmonella infection - Mus musculus (house mouse)","5/138","253/10649",0.231035160836433,0.48969409090331,0.370079205001152,"Tcf7l2/Tubb2b/Dync1i1/Tuba1a/Ahnak",5
"mmu05223","Human Diseases","Cancer: specific types","mmu05223","Non-small cell lung cancer - Mus musculus (house mouse)","2/138","72/10649",0.239360799410589,0.49746130666084,0.375949165627625,"Rarb/Rxrg",2
"mmu00532","Metabolism","Glycan biosynthesis and metabolism","mmu00532","Glycosaminoglycan biosynthesis - chondroitin sulfate / dermatan sulfate - Mus musculus (house mouse)","1/138","21/10649",0.239801860646764,0.49746130666084,0.375949165627625,"Chsy3",1
"mmu04062","Organismal Systems","Immune system","mmu04062","Chemokine signaling pathway - Mus musculus (house mouse)","4/138","194/10649",0.243744777033591,0.500318226542634,0.378108241381748,"Rac3/Plcb1/Gng7/Gnb2",4
"mmu00430","Metabolism","Metabolism of other amino acids","mmu00430","Taurine and hypotaurine metabolism - Mus musculus (house mouse)","1/138","22/10649",0.249672705888648,0.501919357198829,0.379318272646889,"Gad2",1
"mmu04964","Organismal Systems","Excretory system","mmu04964","Proximal tubule bicarbonate reclamation - Mus musculus (house mouse)","1/138","22/10649",0.249672705888648,0.501919357198829,0.379318272646889,"Atp1a2",1
"mmu00230","Metabolism","Nucleotide metabolism","mmu00230","Purine metabolism - Mus musculus (house mouse)","3/138","135/10649",0.254991017459574,0.507380085761397,0.383445139036953,"Pde7b/Pde10a/Gucy1b1",3
"mmu04210","Cellular Processes","Cell growth and death","mmu04210","Apoptosis - Mus musculus (house mouse)","3/138","136/10649",0.258482118392541,0.509131445318642,0.384768703614628,"Itpr1/Tuba1a/Lmna",3
"mmu00562","Metabolism","Carbohydrate metabolism","mmu00562","Inositol phosphate metabolism - Mus musculus (house mouse)","2/138","77/10649",0.263414200970054,0.513657691891605,0.388189348797974,"Plcb1/Inpp4b",2
"mmu05012","Human Diseases","Neurodegenerative disease","mmu05012","Parkinson disease - Mus musculus (house mouse)","5/138","274/10649",0.282439488194988,0.545303962356661,0.412105558596127,"Tubb2b/Itpr1/Gnal/Drd2/Tuba1a",5
"mmu04012","Environmental Information Processing","Signal transduction","mmu04012","ErbB signaling pathway - Mus musculus (house mouse)","2/138","84/10649",0.297093709238305,0.562566326049075,0.425151339524267,"Nrg3/Nrg1",2
"mmu00650","Metabolism","Carbohydrate metabolism","mmu00650","Butanoate metabolism - Mus musculus (house mouse)","1/138","27/10649",0.29715041837464,0.562566326049075,0.425151339524267,"Gad2",1
"mmu05226","Human Diseases","Cancer: specific types","mmu05226","Gastric cancer - Mus musculus (house mouse)","3/138","150/10649",0.307886196819849,0.570289828155821,0.430988264193333,"Tcf7l2/Rarb/Rxrg",3
"mmu05415","Human Diseases","Cardiovascular disease","mmu05415","Diabetic cardiomyopathy - Mus musculus (house mouse)","4/138","217/10649",0.310003701459062,0.570289828155821,0.430988264193333,"Col1a1/Plcb1/Col1a2/Col3a1",4
"mmu05417","Human Diseases","Cardiovascular disease","mmu05417","Lipid and atherosclerosis - Mus musculus (house mouse)","4/138","217/10649",0.310003701459062,0.570289828155821,0.430988264193333,"Itpr1/Rxrg/Plcb1/Pou2f2",4
"mmu04081",NA,NA,"mmu04081","Hormone signaling - Mus musculus (house mouse)","4/138","220/10649",0.318810793801873,0.579628355230044,0.43804572055172,"Plcb1/Gng7/Drd2/Gnb2",4
"mmu03320","Organismal Systems","Endocrine system","mmu03320","PPAR signaling pathway - Mus musculus (house mouse)","2/138","89/10649",0.321024935204332,0.579628355230044,0.43804572055172,"Dbi/Rxrg",2
"mmu04912","Organismal Systems","Endocrine system","mmu04912","GnRH signaling pathway - Mus musculus (house mouse)","2/138","90/10649",0.325789882057154,0.582835110102248,0.440469179024641,"Itpr1/Plcb1",2
"mmu05167","Human Diseases","Infectious disease: viral","mmu05167","Kaposi sarcoma-associated herpesvirus infection - Mus musculus (house mouse)","4/138","224/10649",0.330585576390963,0.586038067238526,0.442889767413731,"Tcf7l2/Itpr1/Gng7/Gnb2",4
"mmu04390","Environmental Information Processing","Signal transduction","mmu04390","Hippo signaling pathway - Mus musculus (house mouse)","3/138","158/10649",0.336328560530166,0.589718911187434,0.44567151182856,"Tcf7l2/Dlg2/Ccnd2",3
"mmu00410","Metabolism","Metabolism of other amino acids","mmu00410","beta-Alanine metabolism - Mus musculus (house mouse)","1/138","32/10649",0.341644325408933,0.589718911187434,0.44567151182856,"Gad2",1
"mmu05222","Human Diseases","Cancer: specific types","mmu05222","Small cell lung cancer - Mus musculus (house mouse)","2/138","94/10649",0.344758748078808,0.589718911187434,0.44567151182856,"Rarb/Rxrg",2
"mmu05416","Human Diseases","Cardiovascular disease","mmu05416","Viral myocarditis - Mus musculus (house mouse)","2/138","94/10649",0.344758748078808,0.589718911187434,0.44567151182856,"Sgcz/Rac3",2
"mmu04710","Organismal Systems","Environmental adaptation","mmu04710","Circadian rhythm - Mus musculus (house mouse)","1/138","34/10649",0.358648535892082,0.608143169556139,0.45959537780221,"Rora",1
"mmu05231","Human Diseases","Cancer: overview","mmu05231","Choline metabolism in cancer - Mus musculus (house mouse)","2/138","98/10649",0.36355616079347,0.61115044271316,0.461868080862847,"Dgki/Rac3",2
"mmu04916","Organismal Systems","Endocrine system","mmu04916","Melanogenesis - Mus musculus (house mouse)","2/138","100/10649",0.372880581816175,0.621467636360292,0.46966515028578,"Tcf7l2/Plcb1",2
"mmu05170","Human Diseases","Infectious disease: viral","mmu05170","Human immunodeficiency virus 1 infection - Mus musculus (house mouse)","4/138","243/10649",0.386676837382729,0.630703799967659,0.476645246939121,"Itpr1/Rac3/Gng7/Gnb2",4
"mmu05142","Human Diseases","Infectious disease: parasitic","mmu05142","Chagas disease - Mus musculus (house mouse)","2/138","103/10649",0.386764166398687,0.630703799967659,0.476645246939121,"Plcb1/Gnal",2
"mmu05010","Human Diseases","Neurodegenerative disease","mmu05010","Alzheimer disease - Mus musculus (house mouse)","6/138","389/10649",0.391357617284982,0.630703799967659,0.476645246939121,"Grm5/Tubb2b/Itpr1/Plcb1/Tuba1a/Grin2b",6
"mmu04960","Organismal Systems","Excretory system","mmu04960","Aldosterone-regulated sodium reabsorption - Mus musculus (house mouse)","1/138","38/10649",0.391359793826086,0.630703799967659,0.476645246939121,"Atp1a2",1
"mmu04659","Organismal Systems","Immune system","mmu04659","Th17 cell differentiation - Mus musculus (house mouse)","2/138","105/10649",0.395946340725497,0.63286505279895,0.478278582412162,"Rxrg/Rora",2
"mmu00250","Metabolism","Amino acid metabolism","mmu00250","Alanine, aspartate and glutamate metabolism - Mus musculus (house mouse)","1/138","39/10649",0.399275385990066,0.632997563154983,0.47837872519135,"Gad2",1
"mmu04145","Cellular Processes","Transport and catabolism","mmu04145","Phagosome - Mus musculus (house mouse)","3/138","183/10649",0.42427906053474,0.667213038744148,0.504236574489504,"Tubb2b/Dync1i1/Tuba1a",3
"mmu00513","Metabolism","Glycan biosynthesis and metabolism","mmu00513","Various types of N-glycan biosynthesis - Mus musculus (house mouse)","1/138","44/10649",0.437346169813816,0.682260024909553,0.515608115991025,"Mgat4c",1
"mmu04814","Cellular Processes","Cell motility","mmu04814","Motor proteins - Mus musculus (house mouse)","3/138","198/10649",0.475224810126187,0.735466968052433,0.555818491375658,"Tubb2b/Dync1i1/Tuba1a",3
"mmu04152","Environmental Information Processing","Signal transduction","mmu04152","AMPK signaling pathway - Mus musculus (house mouse)","2/138","127/10649",0.492282732717626,0.755867188031,0.571235661669852,"Eef2/Creb5",2
"mmu04750","Organismal Systems","Sensory system","mmu04750","Inflammatory mediator regulation of TRP channels - Mus musculus (house mouse)","2/138","130/10649",0.504671368757823,0.767033075429228,0.579674119082817,"Itpr1/Plcb1",2
"mmu04071","Environmental Information Processing","Signal transduction","mmu04071","Sphingolipid signaling pathway - Mus musculus (house mouse)","2/138","131/10649",0.50875774230601,0.767033075429228,0.579674119082817,"Rac3/Plcb1",2
"mmu00510","Metabolism","Glycan biosynthesis and metabolism","mmu00510","N-Glycan biosynthesis - Mus musculus (house mouse)","1/138","55/10649",0.512877007898708,0.767033075429228,0.579674119082817,"Mgat4c",1
"mmu04068","Environmental Information Processing","Signal transduction","mmu04068","FoxO signaling pathway - Mus musculus (house mouse)","2/138","133/10649",0.516864933725712,0.767033075429228,0.579674119082817,"Nlk/Ccnd2",2
"mmu00600","Metabolism","Lipid metabolism","mmu00600","Sphingolipid metabolism - Mus musculus (house mouse)","1/138","56/10649",0.519222389521323,0.767033075429228,0.579674119082817,"Psap",1
"mmu04370","Environmental Information Processing","Signal transduction","mmu04370","VEGF signaling pathway - Mus musculus (house mouse)","1/138","58/10649",0.531668010699334,0.77369598571918,0.584709516872794,"Rac3",1
"mmu05213","Human Diseases","Cancer: specific types","mmu05213","Endometrial cancer - Mus musculus (house mouse)","1/138","58/10649",0.531668010699334,0.77369598571918,0.584709516872794,"Tcf7l2",1
"mmu04550","Cellular Processes","Cellular community - eukaryotes","mmu04550","Signaling pathways regulating pluripotency of stem cells - Mus musculus (house mouse)","2/138","140/10649",0.544540119126274,0.786557949849063,0.594429759670007,"Zfhx3/Id4",2
"mmu05321","Human Diseases","Immune disease","mmu05321","Inflammatory bowel disease - Mus musculus (house mouse)","1/138","62/10649",0.555607722070126,0.788846181474394,0.596159057524508,"Rora",1
"mmu00561","Metabolism","Lipid metabolism","mmu00561","Glycerolipid metabolism - Mus musculus (house mouse)","1/138","63/10649",0.561400310561136,0.788846181474394,0.596159057524508,"Dgki",1
"mmu05217","Human Diseases","Cancer: specific types","mmu05217","Basal cell carcinoma - Mus musculus (house mouse)","1/138","63/10649",0.561400310561136,0.788846181474394,0.596159057524508,"Tcf7l2",1
"mmu05162","Human Diseases","Infectious disease: viral","mmu05162","Measles - Mus musculus (house mouse)","2/138","145/10649",0.563629204187322,0.788846181474394,0.596159057524508,"Ccnd2/Adar",2
"mmu05203","Human Diseases","Cancer: overview","mmu05203","Viral carcinogenesis - Mus musculus (house mouse)","3/138","228/10649",0.57032230854577,0.788846181474394,0.596159057524508,"Rbpj/Creb5/Ccnd2",3
"mmu05224","Human Diseases","Cancer: specific types","mmu05224","Breast cancer - Mus musculus (house mouse)","2/138","147/10649",0.57110432280078,0.788846181474394,0.596159057524508,"Tcf7l2/Ncoa1",2
"mmu04664","Organismal Systems","Immune system","mmu04664","Fc epsilon RI signaling pathway - Mus musculus (house mouse)","1/138","66/10649",0.578332123576436,0.788846181474394,0.596159057524508,"Rac3",1
"mmu05418","Human Diseases","Cardiovascular disease","mmu05418","Fluid shear stress and atherosclerosis - Mus musculus (house mouse)","2/138","149/10649",0.578487199747889,0.788846181474394,0.596159057524508,"Rac3/Mef2c",2
"mmu04940","Human Diseases","Endocrine and metabolic disease","mmu04940","Type I diabetes mellitus - Mus musculus (house mouse)","1/138","67/10649",0.583830580247177,0.790603910751385,0.597487435925473,"Gad2",1
"mmu04714","Organismal Systems","Environmental adaptation","mmu04714","Thermogenesis - Mus musculus (house mouse)","3/138","238/10649",0.599607827909865,0.798006741591368,0.603082017936796,"Prdm16/Dpf1/Creb5",3
"mmu04920","Organismal Systems","Endocrine system","mmu04920","Adipocytokine signaling pathway - Mus musculus (house mouse)","1/138","72/10649",0.610273201111432,0.798006741591368,0.603082017936796,"Rxrg",1
"mmu04622","Organismal Systems","Immune system","mmu04622","RIG-I-like receptor signaling pathway - Mus musculus (house mouse)","1/138","73/10649",0.615358035965041,0.798006741591368,0.603082017936796,"Adar",1
"mmu04917","Organismal Systems","Endocrine system","mmu04917","Prolactin signaling pathway - Mus musculus (house mouse)","1/138","74/10649",0.620377002591065,0.798006741591368,0.603082017936796,"Ccnd2",1
"mmu05166","Human Diseases","Infectious disease: viral","mmu05166","Human T-cell leukemia virus 1 infection - Mus musculus (house mouse)","3/138","247/10649",0.624838055504692,0.798006741591368,0.603082017936796,"Nrp1/Creb5/Ccnd2",3
"mmu04115","Cellular Processes","Cell growth and death","mmu04115","p53 signaling pathway - Mus musculus (house mouse)","1/138","75/10649",0.625330948089167,0.798006741591368,0.603082017936796,"Ccnd2",1
"mmu05214","Human Diseases","Cancer: specific types","mmu05214","Glioma - Mus musculus (house mouse)","1/138","75/10649",0.625330948089167,0.798006741591368,0.603082017936796,"Camk1d",1
"mmu04148","Cellular Processes","Transport and catabolism","mmu04148","Efferocytosis - Mus musculus (house mouse)","2/138","163/10649",0.627573252021864,0.798006741591368,0.603082017936796,"Gulp1/Cd24a",2
"mmu05212","Human Diseases","Cancer: specific types","mmu05212","Pancreatic cancer - Mus musculus (house mouse)","1/138","76/10649",0.630220708743952,0.798006741591368,0.603082017936796,"Rac3",1
"mmu05220","Human Diseases","Cancer: specific types","mmu05220","Chronic myeloid leukemia - Mus musculus (house mouse)","1/138","76/10649",0.630220708743952,0.798006741591368,0.603082017936796,"Mecom",1
"mmu04721","Organismal Systems","Nervous system","mmu04721","Synaptic vesicle cycle - Mus musculus (house mouse)","1/138","77/10649",0.63504711016203,0.798930235365134,0.603779934958806,"Slc1a3",1
"mmu01521","Human Diseases","Drug resistance: antineoplastic","mmu01521","EGFR tyrosine kinase inhibitor resistance - Mus musculus (house mouse)","1/138","80/10649",0.64915425772254,0.807844416968655,0.610516698383869,"Nrg1",1
"mmu04530","Cellular Processes","Cellular community - eukaryotes","mmu04530","Tight junction - Mus musculus (house mouse)","2/138","170/10649",0.650418325456815,0.807844416968655,0.610516698383869,"Dlg2/Tuba1a",2
"mmu04623","Organismal Systems","Immune system","mmu04623","Cytosolic DNA-sensing pathway - Mus musculus (house mouse)","1/138","82/10649",0.658256894384653,0.808008578871755,0.610640761360571,"Adar",1
"mmu03018","Genetic Information Processing","Folding, sorting and degradation","mmu03018","RNA degradation - Mus musculus (house mouse)","1/138","83/10649",0.662719896994184,0.808008578871755,0.610640761360571,"Cnot1",1
"mmu05225","Human Diseases","Cancer: specific types","mmu05225","Hepatocellular carcinoma - Mus musculus (house mouse)","2/138","175/10649",0.666051381111124,0.808008578871755,0.610640761360571,"Tcf7l2/Dpf1",2
"mmu04662","Organismal Systems","Immune system","mmu04662","B cell receptor signaling pathway - Mus musculus (house mouse)","1/138","84/10649",0.667125031786424,0.808008578871755,0.610640761360571,"Rac3",1
"mmu04658","Organismal Systems","Immune system","mmu04658","Th1 and Th2 cell differentiation - Mus musculus (house mouse)","1/138","88/10649",0.684181649006516,0.818269248674274,0.618395113707953,"Rbpj",1
"mmu00590","Metabolism","Lipid metabolism","mmu00590","Arachidonic acid metabolism - Mus musculus (house mouse)","1/138","89/10649",0.688308429845177,0.818269248674274,0.618395113707953,"Ptgds",1
"mmu04218","Cellular Processes","Cell growth and death","mmu04218","Cellular senescence - Mus musculus (house mouse)","2/138","183/10649",0.689896281126324,0.818269248674274,0.618395113707953,"Itpr1/Ccnd2",2
"mmu04211","Organismal Systems","Aging","mmu04211","Longevity regulating pathway - Mus musculus (house mouse)","1/138","90/10649",0.692381671955155,0.818269248674274,0.618395113707953,"Creb5",1
"mmu04742","Organismal Systems","Sensory system","mmu04742","Taste transduction - Mus musculus (house mouse)","1/138","92/10649",0.700370289488671,0.82196320270913,0.621186765880044,"Plcb1",1
"mmu04610","Organismal Systems","Immune system","mmu04610","Complement and coagulation cascades - Mus musculus (house mouse)","1/138","94/10649",0.70815291310325,0.82196320270913,0.621186765880044,"Vtn",1
"mmu04640","Organismal Systems","Immune system","mmu04640","Hematopoietic cell lineage - Mus musculus (house mouse)","1/138","94/10649",0.70815291310325,0.82196320270913,0.621186765880044,"Cd24a",1
"mmu00564","Metabolism","Lipid metabolism","mmu00564","Glycerophospholipid metabolism - Mus musculus (house mouse)","1/138","101/10649",0.73384483600163,0.841763194237164,0.636150322230515,"Dgki",1
"mmu04976","Organismal Systems","Digestive system","mmu04976","Bile secretion - Mus musculus (house mouse)","1/138","101/10649",0.73384483600163,0.841763194237164,0.636150322230515,"Atp1a2",1
"mmu04931","Human Diseases","Endocrine and metabolic disease","mmu04931","Insulin resistance - Mus musculus (house mouse)","1/138","110/10649",0.763603679477768,0.867642117352649,0.655707942938574,"Creb5",1
"mmu04350","Environmental Information Processing","Signal transduction","mmu04350","TGF-beta signaling pathway - Mus musculus (house mouse)","1/138","112/10649",0.769754288728248,0.867642117352649,0.655707942938574,"Id4",1
"mmu04625","Organismal Systems","Immune system","mmu04625","C-type lectin receptor signaling pathway - Mus musculus (house mouse)","1/138","112/10649",0.769754288728248,0.867642117352649,0.655707942938574,"Itpr1",1
"mmu04621","Organismal Systems","Immune system","mmu04621","NOD-like receptor signaling pathway - Mus musculus (house mouse)","2/138","220/10649",0.782605699141689,0.872171050979629,0.659130618824012,"Itpr1/Plcb1",2
"mmu04668","Environmental Information Processing","Signal transduction","mmu04668","TNF signaling pathway - Mus musculus (house mouse)","1/138","118/10649",0.787268926768871,0.872171050979629,0.659130618824012,"Creb5",1
"mmu04650","Organismal Systems","Immune system","mmu04650","Natural killer cell mediated cytotoxicity - Mus musculus (house mouse)","1/138","120/10649",0.792807985737085,0.872171050979629,0.659130618824012,"Rac3",1
"mmu04722","Organismal Systems","Nervous system","mmu04722","Neurotrophin signaling pathway - Mus musculus (house mouse)","1/138","121/10649",0.79552358056739,0.872171050979629,0.659130618824012,"Ntrk2",1
"mmu04114","Cellular Processes","Cell growth and death","mmu04114","Oocyte meiosis - Mus musculus (house mouse)","1/138","123/10649",0.800849213324866,0.872171050979629,0.659130618824012,"Itpr1",1
"mmu05169","Human Diseases","Infectious disease: viral","mmu05169","Epstein-Barr virus infection - Mus musculus (house mouse)","2/138","229/10649",0.801153119751115,0.872171050979629,0.659130618824012,"Rbpj/Ccnd2",2
"mmu05207","Human Diseases","Cancer: overview","mmu05207","Chemical carcinogenesis - receptor activation - Mus musculus (house mouse)","2/138","231/10649",0.805080970135043,0.872171050979629,0.659130618824012,"Rxrg/Creb5",2
"mmu04810","Cellular Processes","Cell motility","mmu04810","Regulation of actin cytoskeleton - Mus musculus (house mouse)","2/138","235/10649",0.812731946807715,0.875595191312179,0.661718363204886,"Tmsb4x/Rac3",2
"mmu03082","Genetic Information Processing","Chromosome","mmu03082","ATP-dependent chromatin remodeling - Mus musculus (house mouse)","1/138","136/10649",0.832262286706013,0.87724943733877,0.662968535640636,"Dpf1",1
"mmu04142","Cellular Processes","Transport and catabolism","mmu04142","Lysosome - Mus musculus (house mouse)","1/138","136/10649",0.832262286706013,0.87724943733877,0.662968535640636,"Psap",1
"mmu04380","Organismal Systems","Development and regeneration","mmu04380","Osteoclast differentiation - Mus musculus (house mouse)","1/138","136/10649",0.832262286706013,0.87724943733877,0.662968535640636,"Itpr1",1
"mmu05135","Human Diseases","Infectious disease: bacterial","mmu05135","Yersinia infection - Mus musculus (house mouse)","1/138","136/10649",0.832262286706013,0.87724943733877,0.662968535640636,"Rac3",1
"mmu04936","Human Diseases","Endocrine and metabolic disease","mmu04936","Alcoholic liver disease - Mus musculus (house mouse)","1/138","141/10649",0.842988151469101,0.883777900733735,0.667902327140204,"Tcf7l2",1
"mmu05322","Human Diseases","Immune disease","mmu05322","Systemic lupus erythematosus - Mus musculus (house mouse)","1/138","150/10649",0.860607038108884,0.897424451503917,0.678215509908493,"Grin2b",1
"mmu04110","Cellular Processes","Cell growth and death","mmu04110","Cell cycle - Mus musculus (house mouse)","1/138","157/10649",0.87294099871074,0.905444121003161,0.684276258787814,"Ccnd2",1
"mmu05161","Human Diseases","Infectious disease: viral","mmu05161","Hepatitis B - Mus musculus (house mouse)","1/138","164/10649",0.884190816920863,0.912090992763581,0.689299535691775,"Creb5",1
"mmu04140","Cellular Processes","Transport and catabolism","mmu04140","Autophagy - animal - Mus musculus (house mouse)","1/138","167/10649",0.888704044231182,0.912090992763581,0.689299535691775,"Itpr1",1
"mmu04630","Environmental Information Processing","Signal transduction","mmu04630","JAK-STAT signaling pathway - Mus musculus (house mouse)","1/138","171/10649",0.894451153327313,0.912607347566672,0.689689763343234,"Ccnd2",1
"mmu05164","Human Diseases","Infectious disease: viral","mmu05164","Influenza A - Mus musculus (house mouse)","1/138","174/10649",0.898567234527185,0.912607347566672,0.689689763343234,"Adar",1
"mmu05171","Human Diseases","Infectious disease: viral","mmu05171","Coronavirus disease - COVID-19 - Mus musculus (house mouse)","2/138","334/10649",0.93390676366477,0.940383726068116,0.710681358432044,"Nrp1/Adar",2
"mmu04613","Organismal Systems","Immune system","mmu04613","Neutrophil extracellular trap formation - Mus musculus (house mouse)","1/138","209/10649",0.936281555037555,0.940383726068116,0.710681358432044,"Plcb1",1
"mmu05168","Human Diseases","Infectious disease: viral","mmu05168","Herpes simplex virus 1 infection - Mus musculus (house mouse)","1/138","214/10649",0.940383726068116,0.940383726068116,0.710681358432044,"Pou2f2",1
